,index,name,categories,type,unit,database,0
0,Score,,,,,,-3.8536360248912464e-13
2,Rest (-),,,,,,-1.8886557277692711e-16
3,"Uranium, in ground | ('natural resource', 'in ground') | natural resource | kilogram | ecoinvent-3.4-biosphere","Uranium, in ground","('natural resource', 'in ground')",natural resource,change in ore grade per kg of metal extracted,ecoinvent-3.4-biosphere,-3.137423677255829e-13
4,"Chromium, 25.5% in chromite, 11.6% in crude ore, in ground | ('natural resource', 'in ground') | natural resource | kilogram | ecoinvent-3.4-biosphere","Chromium, 25.5% in chromite, 11.6% in crude ore, in ground","('natural resource', 'in ground')",natural resource,change in ore grade per kg of metal extracted,ecoinvent-3.4-biosphere,-2.2791589061754456e-14
5,"Clay, unspecified, in ground | ('natural resource', 'in ground') | natural resource | kilogram | ecoinvent-3.4-biosphere","Clay, unspecified, in ground","('natural resource', 'in ground')",natural resource,change in ore grade per kg of metal extracted,ecoinvent-3.4-biosphere,-1.7559444177320898e-14
6,"Aluminium, in ground | ('natural resource', 'in ground') | natural resource | kilogram | ecoinvent-3.4-biosphere","Aluminium, in ground","('natural resource', 'in ground')",natural resource,change in ore grade per kg of metal extracted,ecoinvent-3.4-biosphere,-7.83429499271087e-15
7,"Iron, 46% in ore, 25% in crude ore, in ground | ('natural resource', 'in ground') | natural resource | kilogram | ecoinvent-3.4-biosphere","Iron, 46% in ore, 25% in crude ore, in ground","('natural resource', 'in ground')",natural resource,change in ore grade per kg of metal extracted,ecoinvent-3.4-biosphere,-7.324914094984324e-15
8,"Nickel, 1.98% in silicates, 1.04% in crude ore, in ground | ('natural resource', 'in ground') | natural resource | kilogram | ecoinvent-3.4-biosphere","Nickel, 1.98% in silicates, 1.04% in crude ore, in ground","('natural resource', 'in ground')",natural resource,change in ore grade per kg of metal extracted,ecoinvent-3.4-biosphere,-3.758640176522155e-15
9,"Clay, bentonite, in ground | ('natural resource', 'in ground') | natural resource | kilogram | ecoinvent-3.4-biosphere","Clay, bentonite, in ground","('natural resource', 'in ground')",natural resource,change in ore grade per kg of metal extracted,ecoinvent-3.4-biosphere,-2.4205395224129423e-15
10,"Zinc, 9.0% in sulfide, Zn 5.3%, Pb, Ag, Cd, In, in ground | ('natural resource', 'in ground') | natural resource | kilogram | ecoinvent-3.4-biosphere","Zinc, 9.0% in sulfide, Zn 5.3%, Pb, Ag, Cd, In, in ground","('natural resource', 'in ground')",natural resource,change in ore grade per kg of metal extracted,ecoinvent-3.4-biosphere,-1.9843789019852027e-15
11,"Lead, 5.0% in sulfide, Pb 3.0%, Zn, Ag, Cd, In, in ground | ('natural resource', 'in ground') | natural resource | kilogram | ecoinvent-3.4-biosphere","Lead, 5.0% in sulfide, Pb 3.0%, Zn, Ag, Cd, In, in ground","('natural resource', 'in ground')",natural resource,change in ore grade per kg of metal extracted,ecoinvent-3.4-biosphere,-1.2056756659845979e-15
12,"Zinc, Zn 0.63%, in mixed ore, in ground | ('natural resource', 'in ground') | natural resource | kilogram | ecoinvent-3.4-biosphere","Zinc, Zn 0.63%, in mixed ore, in ground","('natural resource', 'in ground')",natural resource,change in ore grade per kg of metal extracted,ecoinvent-3.4-biosphere,-9.971272796786853e-16
13,"Lead, Pb 0.014%, in mixed ore, in ground | ('natural resource', 'in ground') | natural resource | kilogram | ecoinvent-3.4-biosphere","Lead, Pb 0.014%, in mixed ore, in ground","('natural resource', 'in ground')",natural resource,change in ore grade per kg of metal extracted,ecoinvent-3.4-biosphere,-8.415172935563381e-16
14,"Copper, 0.99% in sulfide, Cu 0.36% and Mo 8.2E-3% in crude ore, in ground | ('natural resource', 'in ground') | natural resource | kilogram | ecoinvent-3.4-biosphere","Copper, 0.99% in sulfide, Cu 0.36% and Mo 8.2E-3% in crude ore, in ground","('natural resource', 'in ground')",natural resource,change in ore grade per kg of metal extracted,ecoinvent-3.4-biosphere,-7.902556903451308e-16
15,"Copper, Cu 0.38%, in mixed ore, in ground | ('natural resource', 'in ground') | natural resource | kilogram | ecoinvent-3.4-biosphere","Copper, Cu 0.38%, in mixed ore, in ground","('natural resource', 'in ground')",natural resource,change in ore grade per kg of metal extracted,ecoinvent-3.4-biosphere,-7.231197717794607e-16
16,"Copper, 0.52% in sulfide, Cu 0.27% and Mo 8.2E-3% in crude ore, in ground | ('natural resource', 'in ground') | natural resource | kilogram | ecoinvent-3.4-biosphere","Copper, 0.52% in sulfide, Cu 0.27% and Mo 8.2E-3% in crude ore, in ground","('natural resource', 'in ground')",natural resource,change in ore grade per kg of metal extracted,ecoinvent-3.4-biosphere,-5.382722982662833e-16
17,"Manganese, 35.7% in sedimentary deposit, 14.2% in crude ore, in ground | ('natural resource', 'in ground') | natural resource | kilogram | ecoinvent-3.4-biosphere","Manganese, 35.7% in sedimentary deposit, 14.2% in crude ore, in ground","('natural resource', 'in ground')",natural resource,change in ore grade per kg of metal extracted,ecoinvent-3.4-biosphere,-4.550939884133439e-16
18,"Nickel, 1.13% in sulfide, Ni 0.76% and Cu 0.76% in crude ore, in ground | ('natural resource', 'in ground') | natural resource | kilogram | ecoinvent-3.4-biosphere","Nickel, 1.13% in sulfide, Ni 0.76% and Cu 0.76% in crude ore, in ground","('natural resource', 'in ground')",natural resource,change in ore grade per kg of metal extracted,ecoinvent-3.4-biosphere,-4.322000225887488e-16
19,"Copper, 1.18% in sulfide, Cu 0.39% and Mo 8.2E-3% in crude ore, in ground | ('natural resource', 'in ground') | natural resource | kilogram | ecoinvent-3.4-biosphere","Copper, 1.18% in sulfide, Cu 0.39% and Mo 8.2E-3% in crude ore, in ground","('natural resource', 'in ground')",natural resource,change in ore grade per kg of metal extracted,ecoinvent-3.4-biosphere,-4.3046405204965855e-16
20,"Copper, 0.59% in sulfide, Cu 0.22% and Mo 8.2E-3% in crude ore, in ground | ('natural resource', 'in ground') | natural resource | kilogram | ecoinvent-3.4-biosphere","Copper, 0.59% in sulfide, Cu 0.22% and Mo 8.2E-3% in crude ore, in ground","('natural resource', 'in ground')",natural resource,change in ore grade per kg of metal extracted,ecoinvent-3.4-biosphere,-3.046482847373386e-16
21,"Copper, 2.19% in sulfide, Cu 1.83% and Mo 8.2E-3% in crude ore, in ground | ('natural resource', 'in ground') | natural resource | kilogram | ecoinvent-3.4-biosphere","Copper, 2.19% in sulfide, Cu 1.83% and Mo 8.2E-3% in crude ore, in ground","('natural resource', 'in ground')",natural resource,change in ore grade per kg of metal extracted,ecoinvent-3.4-biosphere,-2.2463575875945924e-16
22,"Molybdenum, 0.016% in sulfide, Mo 8.2E-3% and Cu 0.27% in crude ore, in ground | ('natural resource', 'in ground') | natural resource | kilogram | ecoinvent-3.4-biosphere","Molybdenum, 0.016% in sulfide, Mo 8.2E-3% and Cu 0.27% in crude ore, in ground","('natural resource', 'in ground')",natural resource,change in ore grade per kg of metal extracted,ecoinvent-3.4-biosphere,-1.7328181911124218e-16
23,"Molybdenum, 0.022% in sulfide, Mo 8.2E-3% and Cu 0.36% in crude ore, in ground | ('natural resource', 'in ground') | natural resource | kilogram | ecoinvent-3.4-biosphere","Molybdenum, 0.022% in sulfide, Mo 8.2E-3% and Cu 0.36% in crude ore, in ground","('natural resource', 'in ground')",natural resource,change in ore grade per kg of metal extracted,ecoinvent-3.4-biosphere,-1.4343652783040796e-16
24,"Ni, Ni 2.3E+0%, Pt 2.5E-4%, Pd 7.3E-4%, Rh 2.0E-5%, Cu 3.2E+0% in ore, in ground | ('natural resource', 'in ground') | natural resource | kilogram | ecoinvent-3.4-biosphere","Ni, Ni 2.3E+0%, Pt 2.5E-4%, Pd 7.3E-4%, Rh 2.0E-5%, Cu 3.2E+0% in ore, in ground","('natural resource', 'in ground')",natural resource,change in ore grade per kg of metal extracted,ecoinvent-3.4-biosphere,-1.3503167774451115e-16
25,"Molybdenum, 0.025% in sulfide, Mo 8.2E-3% and Cu 0.39% in crude ore, in ground | ('natural resource', 'in ground') | natural resource | kilogram | ecoinvent-3.4-biosphere","Molybdenum, 0.025% in sulfide, Mo 8.2E-3% and Cu 0.39% in crude ore, in ground","('natural resource', 'in ground')",natural resource,change in ore grade per kg of metal extracted,ecoinvent-3.4-biosphere,-1.1530365125609494e-16
26,"Molybdenum, 0.022% in sulfide, Mo 8.2E-3% and Cu 0.22% in crude ore, in ground | ('natural resource', 'in ground') | natural resource | kilogram | ecoinvent-3.4-biosphere","Molybdenum, 0.022% in sulfide, Mo 8.2E-3% and Cu 0.22% in crude ore, in ground","('natural resource', 'in ground')",natural resource,change in ore grade per kg of metal extracted,ecoinvent-3.4-biosphere,-9.136719843657553e-17
27,"Molybdenum, 0.010% in sulfide, Mo 8.2E-3% and Cu 1.83% in crude ore, in ground | ('natural resource', 'in ground') | natural resource | kilogram | ecoinvent-3.4-biosphere","Molybdenum, 0.010% in sulfide, Mo 8.2E-3% and Cu 1.83% in crude ore, in ground","('natural resource', 'in ground')",natural resource,change in ore grade per kg of metal extracted,ecoinvent-3.4-biosphere,-8.75817930828457e-17
28,"Copper, 1.42% in sulfide, Cu 0.81% and Mo 8.2E-3% in crude ore, in ground | ('natural resource', 'in ground') | natural resource | kilogram | ecoinvent-3.4-biosphere","Copper, 1.42% in sulfide, Cu 0.81% and Mo 8.2E-3% in crude ore, in ground","('natural resource', 'in ground')",natural resource,change in ore grade per kg of metal extracted,ecoinvent-3.4-biosphere,-6.95554894531394e-17
